artist_key_1,artist_key_2,shared_songs
Artist_Arik_Einstien,Artist_Yoni_Rechter,43
Artist_Sabliminal,Artist_haTzel,30
Artist_Zehava_Ben,Artist_Zohar_Argov,28
Artist_Ofra_Haza,Artist_Shoshana_Damari,21
Artist_Yoni_Rechter,Artist_Gidi_Gov,20
Artist_Yaffa_yarkoni,Artist_Shoshana_Damari,18
Artist_Yaffa_yarkoni,Artist_Yehoram_Gaon,18
Artist_Yehoram_Gaon,Artist_Shoshana_Damari,17
Artist_Arik_Einstien,Artist_Shalom_Chanoch,16
Artist_Yaffa_yarkoni,Artist_Arik_Einstien,15
Artist_Arik_Einstien,Artist_Ofra_Haza,14
Artist_Ilanit,Artist_Yaffa_yarkoni,13
Artist_Ofra_Haza,Artist_Yehoram_Gaon,13
Artist_Arik_Einstien,Artist_Shoshana_Damari,12
Artist_Shoshana_Damari,Artist_Ester_Ofarim,12
Artist_Ofra_Haza,Artist_Ester_Ofarim,12
Artist_Arik_Einstien,Artist_Yehoram_Gaon,12
Artist_Ishay_Levi,Artist_Zohar_Argov,11
Artist_Yoni_Rechter,Artist_Nurit_Galron,11
Artist_Zehava_Ben,Artist_Yehoram_Gaon,10
Artist_Arik_Einstien,Artist_Yigal_Bashan,10
Artist_Yaffa_yarkoni,Artist_Ofra_Haza,10
Artist_Arik_Einstien,Artist_Arik_Sinai,10
Artist_Yehoram_Gaon,Artist_Arik_lavi,10
Artist_Yossi_Banai,Artist_Yoni_Rechter,9
Artist_Arik_Einstien,Artist_Ester_Ofarim,9
Artist_Shoshana_Damari,Artist_Boaz_Sharabi,9
Artist_Chaim_Moshe,Artist_Zohar_Argov,9
Artist_Ishay_Levi,Artist_Zehava_Ben,9
Artist_Uzi_Hitman,Artist_Arik_Einstien,9
Artist_Arik_Einstien,Artist_Hava_Alberstien,9
Artist_Arik_Einstien,Artist_Yehudit_Ravitz,8
Artist_Zehava_Ben,Artist_Shoshana_Damari,8
Artist_Zehava_Ben,Artist_Ofra_Haza,8
Artist_Mati_Kaspi,Artist_Hava_Alberstien,8
Artist_Arik_Einstien,Artist_HaTarnegolim,7
Artist_Ishay_Levi,Artist_Eyal_Golan,7
Artist_Shimi_Tavori,Artist_Zehava_Ben,7
Artist_Yehoram_Gaon,Artist_Ester_Ofarim,7
Artist_Arik_Einstien,Artist_Arik_lavi,7
Artist_Zehava_Ben,Artist_Rivka_zohar,7
Artist_Hava_Alberstien,Artist_Si_Heiman,7
Artist_Shimi_Tavori,Artist_Zohar_Argov,7
Artist_Zohar_Argov,Artist_Eyal_Golan,6
Artist_Gidi_Gov,Artist_Kaveret,6
Artist_Shimon_Buskila,Artist_Lior_Narkis,6
Artist_Zehava_Ben,Artist_Arik_Einstien,6
Artist_Yehoram_Gaon,Artist_Boaz_Sharabi,6
Artist_Zohar_Argov,Artist_Ofra_Haza,6
Artist_Yehoram_Gaon,Artist_Arik_Sinai,6
Artist_Yehoram_Gaon,Artist_Sarit_Hadad,6
Artist_Yehoram_Gaon,Artist_Pikud_Merkaz,6
Artist_Chaim_Moshe,Artist_Zehava_Ben,6
Artist_Ofra_Haza,Artist_Hava_Alberstien,6
Artist_Ofra_Haza,Artist_Boaz_Sharabi,6
Artist_Ofra_Haza,Artist_Yigal_Bashan,6
Artist_Yehuda_Poliker,Artist_Benzin,6
Artist_Shoshana_Damari,Artist_Lehakat_HaNachal,6
Artist_Zehava_Ben,Artist_Ninet,6
Artist_Yigal_Bashan,Artist_Shoshana_Damari,6
Artist_Hava_Alberstien,Artist_Sarit_Hadad,5
Artist_Sarit_Hadad,Artist_Shimon_Buskila,5
Artist_Yaffa_yarkoni,Artist_Arik_lavi,5
Artist_Zohar_Argov,Artist_Boaz_Sharabi,5
Artist_Ishay_Levi,Artist_Avner_Gadasi,5
Artist_Ishay_Levi,Artist_Boaz_Sharabi,5
Artist_Zehava_Ben,Artist_Shimon_Buskila,5
Artist_Mati_Kaspi,Artist_Yehudit_Ravitz,5
Artist_Sarit_Hadad,Artist_Shoshana_Damari,5
Artist_Zohar_Argov,Artist_Yehoram_Gaon,5
Artist_Yaffa_yarkoni,Artist_Arik_Sinai,5
Artist_Uzi_Hitman,Artist_Yaffa_yarkoni,5
Artist_Ofra_Haza,Artist_Geula_Gil,5
Artist_Ofra_Haza,Artist_Dana_International,5
Artist_Yaffa_yarkoni,Artist_Sarit_Hadad,5
Artist_Zehava_Ben,Artist_Ester_Ofarim,5
Artist_Uzi_Hitman,Artist_Sarit_Hadad,5
Artist_Arik_Einstien,Artist_Gidi_Gov,5
Artist_Yehoram_Gaon,Artist_Hava_Alberstien,5
Artist_Yehoram_Gaon,Artist_Cheil_HaYam,5
Artist_Yoni_Rechter,Artist_Kaveret,5
Artist_Hava_Alberstien,Artist_Yardena_Arazi,5
Artist_Uzi_Hitman,Artist_Yigal_Bashan,5
Artist_Arik_Einstien,Artist_Sarit_Hadad,5
Artist_Ilanit,Artist_Arik_Einstien,5
Artist_Boaz_Sharabi,Artist_Harel_Sqat,5
Artist_Hava_Alberstien,Artist_Nurit_Galron,5
Artist_Gali_Atari,Artist_Hava_Alberstien,5
Artist_Arik_Einstien,Artist_Yardena_Arazi,5
Artist_Yaffa_yarkoni,Artist_Ester_Ofarim,5
Artist_Arik_Einstien,Artist_David_Broza,4
Artist_Chaim_Moshe,Artist_Shimi_Tavori,4
Artist_Zehava_Ben,Artist_Boaz_Sharabi,4
Artist_Arik_Sinai,Artist_Arik_lavi,4
Artist_Hava_Alberstien,Artist_Shoshana_Damari,4
Artist_Zehava_Ben,Artist_Hava_Alberstien,4
Artist_Arik_Einstien,Artist_hahinoam_nini,4
Artist_Uzi_Hitman,Artist_Ofra_Haza,4
Artist_Ofra_Haza,Artist_Arik_lavi,4
Artist_Zohar_Argov,Artist_Ester_Ofarim,4
Artist_Yigal_Bashan,Artist_Pikud_tzafon,4
Artist_Ilanit,Artist_Shoshana_Damari,4
Artist_Ester_Ofarim,Artist_Arik_lavi,4
Artist_Ilanit,Artist_Ofra_Haza,4
Artist_Hava_Alberstien,Artist_Lehakat_HaNachal,4
Artist_Cheil_HaYam,Artist_Pikud_Merkaz,4
Artist_Shimi_Tavori,Artist_Yehoram_Gaon,4
Artist_Ester_Ofarim,Artist_hahinoam_nini,4
Artist_Yehoram_Gaon,Artist_Lehakat_HaNachal,4
Artist_Avi_Toledano,Artist_Yehoram_Gaon,4
Artist_Avi_Toledano,Artist_Ofra_Haza,4
Artist_Ofra_Haza,Artist_Yehudit_Ravitz,4
Artist_Zehava_Ben,Artist_Harel_Sqat,4
Artist_Mati_Kaspi,Artist_Shlomo_Gronich,4
Artist_Hava_Alberstien,Artist_Yigal_Bashan,4
Artist_Ishay_Levi,Artist_Ofra_Haza,4
Artist_Ishay_Levi,Artist_Shimi_Tavori,4
Artist_Zehava_Ben,Artist_Eyal_Golan,4
Artist_Hava_Alberstien,Artist_hahinoam_nini,4
Artist_Ishay_Levi,Artist_Yehoram_Gaon,4
Artist_Yaffa_yarkoni,Artist_Hava_Alberstien,4
Artist_Ofra_Haza,Artist_Sarit_Hadad,4
Artist_Ishay_Levi,Artist_Hava_Alberstien,4
Artist_Sarit_Hadad,Artist_Yardena_Arazi,4
Artist_Arik_Einstien,Artist_Arkadi_Duchin,4
Artist_Yardena_Arazi,Artist_Pikud_tzafon,3
Artist_Yoni_Rechter,Artist_Ester_Ofarim,3
Artist_Zehava_Ben,Artist_Avi_Bitter,3
Artist_Zehava_Ben,Artist_Sarit_Hadad,3
Artist_Ninet,Artist_Rita,3
Artist_Shimi_Tavori,Artist_Sarit_Hadad,3
Artist_Ester_Ofarim,Artist_Boaz_Sharabi,3
Artist_Yoni_Rechter,Artist_Yehudit_Ravitz,3
Artist_Aviv_Geffen,Artist_Ninet,3
Artist_Rita,Artist_Rami_Klaeinstien,3
Artist_Uzi_Hitman,Artist_Shimi_Tavori,3
Artist_Pikud_Merkaz,Artist_Shoshana_Damari,3
Artist_Ester_Ofarim,Artist_Yardena_Arazi,3
Artist_Ofra_Haza,Artist_Rivka_zohar,3
Artist_Ilanit,Artist_Arik_Sinai,3
Artist_Pikud_Merkaz,Artist_Sarit_Hadad,3
Artist_Sarit_Hadad,Artist_Ninet,3
Artist_Arik_Einstien,Artist_Mati_Kaspi,3
Artist_Ilanit,Artist_Uzi_Hitman,3
Artist_Ofra_Haza,Artist_Shlomo_Artzi,3
Artist_Yizar_Ashdot,Artist_Tislam,3
Artist_Ofra_Haza,Artist_Pikud_Merkaz,3
Artist_Chaim_Moshe,Artist_Eyal_Golan,3
Artist_Ilanit,Artist_Sarit_Hadad,3
Artist_Yardena_Arazi,Artist_Shokolad_Menta_Mastik,3
Artist_Arik_Einstien,Artist_Cheil_HaYam,3
Artist_Chaim_Moshe,Artist_Shimon_Buskila,3
Artist_Pikud_Merkaz,Artist_Pikud_tzafon,3
Artist_Yehoram_Gaon,Artist_Pikud_tzafon,3
Artist_Ran_Eliran,Artist_Geula_Gil,3
Artist_Zohar_Argov,Artist_Avi_Bitter,3
Artist_Yaffa_yarkoni,Artist_Boaz_Sharabi,3
Artist_Yaffa_yarkoni,Artist_Geula_Gil,3
Artist_Shoshana_Damari,Artist_Rivka_zohar,3
Artist_Avi_Toledano,Artist_Ester_Ofarim,3
Artist_Ishay_Levi,Artist_Sarit_Hadad,3
Artist_Shoshana_Damari,Artist_hahinoam_nini,3
Artist_Yaffa_yarkoni,Artist_Zehava_Ben,3
Artist_Hava_Alberstien,Artist_Cheil_HaYam,3
Artist_Mati_Kaspi,Artist_Ricki_Gal,3
Artist_Yaffa_yarkoni,Artist_Lehakat_HaNachal,3
Artist_Gidi_Gov,Artist_Rami_Klaeinstien,3
Artist_Hava_Alberstien,Artist_HaTarnegolim,3
Artist_Shimon_Buskila,Artist_Shiri_Maimon,3
Artist_Shimon_Buskila,Artist_Kobi_Peretz,3
Artist_Hava_Alberstien,Artist_Ester_Ofarim,3
Artist_Shimon_Buskila,Artist_Yoav_Yitzchaki,3
Artist_Hava_Alberstien,Artist_Yoni_Rechter,3
Artist_Hava_Alberstien,Artist_HaChalonot_HaGvoim,3
Artist_Yaffa_yarkoni,Artist_Ran_Eliran,3
Artist_Arik_Sinai,Artist_Shoshana_Damari,3
Artist_Mati_Kaspi,Artist_Boaz_Sharabi,3
Artist_Yehoram_Gaon,Artist_Yardena_Arazi,3
Artist_Zehava_Ben,Artist_Geula_Gil,3
Artist_Zohar_Argov,Artist_Shoshana_Damari,3
Artist_Zohar_Argov,Artist_Arik_Einstien,3
Artist_Avi_Toledano,Artist_Ilanit,3
Artist_Avi_Toledano,Artist_Shoshana_Damari,3
Artist_Arik_Einstien,Artist_Oshik_levy,3
Artist_Itay_Levi,Artist_Stefan,3
Artist_Yigal_Bashan,Artist_Arik_lavi,3
Artist_Shoshana_Damari,Artist_Yardena_Arazi,3
Artist_Yehoram_Gaon,Artist_Geula_Gil,3
Artist_Yehoram_Gaon,Artist_Harel_Sqat,3
Artist_Avi_Toledano,Artist_Arik_Einstien,3
Artist_Zehava_Ben,Artist_Tzliley_HaKerem,3
Artist_Moshe_Peretz,Artist_Dudu_Aharon,3
Artist_Zehava_Ben,Artist_Arik_lavi,2
Artist_Zehava_Ben,Artist_Dana_International,2
Artist_Boaz_Sharabi,Artist_Harel_Moyal,2
Artist_Arik_Einstien,Artist_Si_Heiman,2
Artist_Zohar_Argov,Artist_Sarit_Hadad,2
Artist_Zehava_Ben,Artist_Moshe_Peretz,2
Artist_Zehava_Ben,Artist_Cheil_HaYam,2
Artist_Arik_lavi,Artist_Pikud_tzafon,2
Artist_Arik_Einstien,Artist_Yehuda_Poliker,2
Artist_Arik_Einstien,Artist_Lehakat_HaNachal,2
Artist_Zehava_Ben,Artist_Omer_Adam,2
Artist_Sarit_Hadad,Artist_Ahuva_uzeri,2
Artist_Zehava_Ben,Artist_Lehakat_HaNachal,2
Artist_Zehava_Ben,Artist_Yardena_Arazi,2
Artist_Zehava_Ben,Artist_Rita,2
Artist_Zohar_Argov,Artist_Hava_Alberstien,2
Artist_Zehava_Ben,Artist_hahinoam_nini,2
Artist_Arik_Einstien,Artist_HaChalonot_HaGvoim,2
Artist_Zehava_Ben,Artist_Dudu_Aharon,2
Artist_Zohar_Argov,Artist_Arik_lavi,2
Artist_Zohar_Argov,Artist_Avner_Gadasi,2
Artist_Zohar_Argov,Artist_Ninet,2
Artist_Zehava_Ben,Artist_Gidi_Gov,2
Artist_Zehava_Ben,Artist_Tzvika_pick,2
Artist_Zohar_Argov,Artist_Nurit_Galron,2
Artist_Omer_Adam,Artist_Rami_Klaeinstien,2
Artist_Zohar_Argov,Artist_Tzliley_HaKerem,2
Artist_Omer_Adam,Artist_Eden_Ben_Zaken,2
Artist_Zehava_Ben,Artist_Shlomi_Shabat,2
Artist_Arik_Einstien,Artist_Rami_Klaeinstien,2
Artist_Ester_Ofarim,Artist_Rita,2
Artist_Boaz_Sharabi,Artist_Lehakat_HaNachal,2
Artist_Hava_Alberstien,Artist_Rita,2
Artist_Hava_Alberstien,Artist_Ran_Eliran,2
Artist_Hava_Alberstien,Artist_Boaz_Sharabi,2
Artist_Hava_Alberstien,Artist_Ninet,2
Artist_Hava_Alberstien,Artist_Yossi_Banai,2
Artist_Lior_Narkis,Artist_Dudu_Aharon,2
Artist_Gali_Atari,Artist_Shoshana_Damari,2
Artist_Sabliminal,Artist_Kobi_Peretz,2
Artist_Oshik_levy,Artist_Alexansra,2
Artist_Si_Heiman,Artist_Nurit_Galron,2
Artist_Meir_Banai,Artist_Hava_Alberstien,2
Artist_Nurit_Galron,Artist_Arkadi_Duchin,2
Artist_Nurit_Galron,Artist_Shoshana_Damari,2
Artist_Nurit_Galron,Artist_Yehudit_Ravitz,2
Artist_Meir_Ariel,Artist_Shlomi_Shaban,2
Artist_Meir_Ariel,Artist_Gidi_Gov,2
Artist_Meir_Ariel,Artist_Oshik_levy,2
Artist_Mati_Kaspi,Artist_hahinoam_nini,2
Artist_Mati_Kaspi,Artist_Lehakat_HaNachal,2
Artist_Mati_Kaspi,Artist_Gali_Atari,2
Artist_Mati_Kaspi,Artist_Yossi_Banai,2
Artist_Mati_Kaspi,Artist_HaTarnegolim,2
Artist_Mati_Kaspi,Artist_Ester_Ofarim,2
Artist_Mati_Kaspi,Artist_Nurit_Galron,2
Artist_Hava_Alberstien,Artist_Pikud_Merkaz,2
Artist_Hava_Alberstien,Artist_Arik_lavi,2
Artist_Boaz_Sharabi,Artist_Eyal_Golan,2
Artist_Moshe_Peretz,Artist_Lior_Narkis,2
Artist_Sarit_Hadad,Artist_Rita,2
Artist_Sarit_Hadad,Artist_Tipex,2
Artist_Sarit_Hadad,Artist_Yehudit_Ravitz,2
Artist_Sarit_Hadad,Artist_Nurit_Galron,2
Artist_Sarit_Hadad,Artist_Geula_Gil,2
Artist_Sarit_Hadad,Artist_Harel_Sqat,2
Artist_Sarit_Hadad,Artist_Boaz_Sharabi,2
Artist_Pikud_Merkaz,Artist_Boaz_Sharabi,2
Artist_Pikud_Merkaz,Artist_Arik_lavi,2
Artist_Cheil_HaYam,Artist_Arik_lavi,2
Artist_Cheil_HaYam,Artist_Yardena_Arazi,2
Artist_Cheil_HaYam,Artist_Rita,2
Artist_Cheil_HaYam,Artist_Boaz_Sharabi,2
Artist_Cheil_HaYam,Artist_Lehakat_HaNachal,2
Artist_Cheil_HaYam,Artist_Sarit_Hadad,2
Artist_Yossi_Banai,Artist_Pikud_Merkaz,2
Artist_Yossi_Banai,Artist_Chemi_Rudner,2
Artist_Yossi_Banai,Artist_Arik_lavi,2
Artist_Yigal_Bashan,Artist_Itay_Levi,2
Artist_Moshe_Peretz,Artist_Omer_Adam,2
Artist_Moshe_Peretz,Artist_Nasrin_Kadri,2
Artist_Moshe_Peretz,Artist_Yoav_Yitzchaki,2
Artist_Hava_Alberstien,Artist_Yehuda_Poliker,2
Artist_Shoshana_Damari,Artist_Harel_Sqat,2
Artist_Shoshana_Damari,Artist_Arik_lavi,2
Artist_Arik_Sinai,Artist_Hava_Alberstien,2
Artist_Shoshana_Damari,Artist_Rita,2
Artist_Ofra_Haza,Artist_Mati_Kaspi,2
Artist_Ofra_Haza,Artist_hahinoam_nini,2
Artist_Ofra_Haza,Artist_Shiri_Maimon,2
Artist_Ofra_Haza,Artist_Ninet,2
Artist_Ofra_Haza,Artist_Agam_Buhbut,2
Artist_Ofra_Haza,Artist_Gali_Atari,2
Artist_Ofra_Haza,Artist_Tzliley_HaKerem,2
Artist_Rivka_zohar,Artist_Harel_Sqat,2
Artist_Yardena_Arazi,Artist_Lehakat_HaNachal,2
Artist_Yardena_Arazi,Artist_Geula_Gil,2
Artist_Shalom_Chanoch,Artist_Chemi_Rudner,2
Artist_Shalom_Chanoch,Artist_Gidi_Gov,2
Artist_Shalom_Chanoch,Artist_Dafna_Armoni,2
Artist_Shalom_Chanoch,Artist_Arkadi_Duchin,2
Artist_Keren_Peles,Artist_Rami_Klaeinstien,2
Artist_Arik_Einstien,Artist_Ricki_Gal,2
Artist_Arik_Einstien,Artist_Keren_Peles,2
Artist_Arik_Einstien,Artist_Shokolad_Menta_Mastik,2
Artist_Arik_Einstien,Artist_Chemi_Rudner,2
Artist_Arik_Einstien,Artist_Aviv_Geffen,2
Artist_Arik_Einstien,Artist_Ninet,2
Artist_Arik_Einstien,Artist_Boaz_Sharabi,2
Artist_Arik_Einstien,Artist_Shlomo_Artzi,2
Artist_Ester_Ofarim,Artist_Yehudit_Ravitz,2
Artist_Shimi_Tavori,Artist_Arik_lavi,2
Artist_Ofra_Haza,Artist_Ricki_Gal,2
Artist_Stefan,Artist_Jonatan_Murgi,2
Artist_Arik_Sinai,Artist_Gidi_Gov,2
Artist_Arik_Sinai,Artist_Arkadi_Duchin,2
Artist_Shoshana_Damari,Artist_Shlomo_Artzi,2
Artist_Arik_Sinai,Artist_Yardena_Arazi,2
Artist_Arik_Sinai,Artist_Yigal_Bashan,2
Artist_Shoshana_Damari,Artist_Yehudit_Ravitz,2
Artist_Arik_Sinai,Artist_Sarit_Hadad,2
Artist_Arik_Sinai,Artist_Pikud_Merkaz,2
Artist_Ariel_Zilber,Artist_Meir_Ariel,2
Artist_Shoshana_Damari,Artist_Pikud_tzafon,2
Artist_Stefan,Artist_Eden_Ben_Zaken,2
Artist_Yehoram_Gaon,Artist_Shlomo_Gronich,2
Artist_Yehoram_Gaon,Artist_Shokolad_Menta_Mastik,2
Artist_Stefan,Artist_Noa_Kirel,2
Artist_Yehoram_Gaon,Artist_hahinoam_nini,2
Artist_Yehoram_Gaon,Artist_Ran_Eliran,2
Artist_Yehoram_Gaon,Artist_Nurit_Galron,2
Artist_Arkadi_Duchin,Artist_Tzvika_pick,2
Artist_Arkadi_Duchin,Artist_Agam_Buhbut,2
Artist_Yehoram_Gaon,Artist_Shlomo_Artzi,2
Artist_Yehoram_Gaon,Artist_Shlomi_Shabat,2
Artist_Yehoram_Gaon,Artist_Agam_Buhbut,2
Artist_Arik_lavi,Artist_Ricki_Gal,2
Artist_Sarit_Hadad,Artist_Lehakat_HaNachal,2
Artist_Ishay_Levi,Artist_Yoav_Yitzchaki,2
Artist_Ishay_Levi,Artist_Ninet,2
Artist_Yaffa_yarkoni,Artist_Yehudit_Ravitz,2
Artist_Ilanit,Artist_Hava_Alberstien,2
Artist_Yaffa_yarkoni,Artist_Harel_Sqat,2
Artist_Yaffa_yarkoni,Artist_Margalit_Tzanani,2
Artist_Ilanit,Artist_Zehava_Ben,2
Artist_Yaffa_yarkoni,Artist_Yigal_Bashan,2
Artist_Ishay_Levi,Artist_Yigal_Bashan,2
Artist_Yaffa_yarkoni,Artist_Yardena_Arazi,2
Artist_Kaveret,Artist_Dani_Sanderson,2
Artist_Ilanit,Artist_Rivka_zohar,2
Artist_Jonatan_Murgi,Artist_Noa_Kirel,2
Artist_Avi_Toledano,Artist_Zohar_Argov,2
Artist_Avi_Toledano,Artist_Zehava_Ben,2
Artist_Avi_Toledano,Artist_Yardena_Arazi,2
Artist_Yaffa_yarkoni,Artist_Tipex,2
Artist_Gidi_Gov,Artist_Yehuda_Poliker,2
Artist_Ishay_Levi,Artist_Yehuda_Poliker,2
Artist_Gidi_Gov,Artist_Diana_Golbi,2
Artist_Ishay_Levi,Artist_Arik_Einstien,2
Artist_Dudu_Tasa,Artist_Zehava_Ben,2
Artist_Yaffa_yarkoni,Artist_Mati_Kaspi,2
Artist_Static_and_ben_el_tavori,Artist_Anna_Zak,2
Artist_Chaim_Moshe,Artist_Tzliley_HaKerem,2
Artist_Uzi_Hitman,Artist_Eyal_Golan,2
Artist_Chaim_Moshe,Artist_Yoav_Yitzchaki,2
Artist_Uzi_Hitman,Artist_Oshik_levy,2
Artist_Aviv_Geffen,Artist_Eyal_Golan,2
Artist_Ninet,Artist_HaYehudim,2
Artist_Uzi_Hitman,Artist_Yoni_Rechter,2
Artist_Noa_Kirel,Artist_Eliad_Nachum,2
Artist_Chaim_Moshe,Artist_Uzi_Hitman,2
Artist_Kobi_Peretz,Artist_Yoav_Yitzchaki,2
Artist_Harel_Sqat,Artist_Yehuda_Poliker,2
Artist_Uzi_Hitman,Artist_Avner_Gadasi,2
Artist_Miri_Mesika,Artist_Ofra_Haza,2
Artist_Miri_Mesika,Artist_Ilanit,2
Artist_Ninet,Artist_Rami_Klaeinstien,2
Artist_Chaim_Moshe,Artist_Lior_Narkis,2
Artist_Elai_Botner,Artist_Kobi_Aflalo,2
Artist_Static_and_ben_el_tavori,Artist_Lior_Narkis,2
Artist_Ishay_Levi,Artist_Etinix,2
Artist_Avi_Toledano,Artist_Arik_lavi,2
Artist_Chaim_Moshe,Artist_Ester_Ofarim,2
Artist_Amir_Benayoun,Artist_Arik_Einstien,2
Artist_Ishay_Levi,Artist_Shiri_Maimon,2
Artist_Shimi_Tavori,Artist_Arik_Einstien,2
Artist_Ilanit,Artist_Yehoram_Gaon,2
Artist_Shimi_Tavori,Artist_Tzvika_pick,2
Artist_Lehakat_HaNachal,Artist_Pikud_tzafon,2
Artist_Rita,Artist_Elai_Botner,2
Artist_Ilanit,Artist_Yardena_Arazi,2
Artist_Shimi_Tavori,Artist_Arkadi_Duchin,2
Artist_Beri_Saharof,Artist_Dudu_Tasa,2
Artist_Ishay_Levi,Artist_Rami_Klaeinstien,2
Artist_hahinoam_nini,Artist_Rita,2
Artist_Ishay_Levi,Artist_Ofer_levi,2
Artist_Shlomo_Artzi,Artist_Eyal_Golan,2
Artist_Amir_Benayoun,Artist_Itay_Levi,2
Artist_Ishay_Levi,Artist_Shoshana_Damari,2
Artist_Shimi_Tavori,Artist_Sinergia,2
Artist_Yaffa_yarkoni,Artist_Zohar_Argov,2
Artist_Rita,Artist_Diana_Golbi,2
Artist_Ishay_Levi,Artist_Rita,2
Artist_Gidi_Gov,Artist_Harel_Sqat,2
Artist_Yaffa_yarkoni,Artist_Pikud_Merkaz,2
Artist_Avi_Toledano,Artist_Chaim_Moshe,2
Artist_Rita,Artist_Shiri_Maimon,2
Artist_Ofer_levi,Artist_Kobi_Peretz,2
Artist_Amir_Benayoun,Artist_Nurit_Galron,2
Artist_Lior_Narkis,Artist_Eliad_Nachum,1
Artist_Si_Heiman,Artist_Shiri_Maimon,1
Artist_Machina,Artist_Arkadi_Duchin,1
Artist_Lior_Narkis,Artist_Agam_Buhbut,1
Artist_Lior_Narkis,Artist_Gidi_Gov,1
Artist_Machina,Artist_Yardena_Arazi,1
Artist_Lior_Narkis,Artist_Eden_Ben_Zaken,1
Artist_Ahuva_uzeri,Artist_Yoav_Yitzchaki,1
Artist_Machina,Artist_Geula_Gil,1
Artist_Lior_Narkis,Artist_Anna_Zak,1
Artist_Machina,Artist_Dudu_Aharon,1
Artist_Si_Heiman,Artist_Lehakat_HaNachal,1
Artist_Machina,Artist_Yehudit_Ravitz,1
Artist_Avner_Gadasi,Artist_Ester_Ofarim,1
Artist_Lior_Narkis,Artist_Jonatan_Murgi,1
Artist_Lior_Narkis,Artist_Jasmin_Moallem,1
Artist_Lior_Narkis,Artist_Omer_Adam,1
Artist_Avner_Gadasi,Artist_Eti_Ankari,1
Artist_Avner_Gadasi,Artist_Boaz_Sharabi,1
Artist_Avner_Gadasi,Artist_Eyal_Golan,1
Artist_Dudu_Aharon,Artist_Yoav_Yitzchaki,1
Artist_Avner_Gadasi,Artist_Shlomo_Artzi,1
Artist_Lior_Narkis,Artist_Stefan,1
Artist_Noa_Kirel,Artist_Rami_Klaeinstien,1
Artist_Lior_Narkis,Artist_Rami_Klaeinstien,1
Artist_Si_Heiman,Artist_Shlomo_Artzi,1
Artist_Dudu_Aharon,Artist_Anna_Zak,1
Artist_Si_Heiman,Artist_Adam,1
Artist_Lior_Narkis,Artist_Noa_Kirel,1
Artist_Si_Heiman,Artist_Agam_Buhbut,1
Artist_Dudu_Aharon,Artist_Kobi_Peretz,1
Artist_Si_Heiman,Artist_Yoav_Yitzchaki,1
Artist_Hatikve_Shesh,Artist_David_Broza,1
Artist_Lior_Narkis,Artist_Nasrin_Kadri,1
Artist_Lior_Narkis,Artist_Muki,1
Artist_Avner_Gadasi,Artist_Arik_lavi,1
Artist_Si_Heiman,Artist_HaChalonot_HaGvoim,1
Artist_Arik_lavi,Artist_Tipex,1
Artist_Nurit_Galron,Artist_Arik_lavi,1
Artist_Nurit_Galron,Artist_Tzvika_pick,1
Artist_Nurit_Galron,Artist_Aviv_Geffen,1
Artist_Harel_Moyal,Artist_Yehuda_Poliker,1
Artist_Eden_Ben_Zaken,Artist_Rami_Klaeinstien,1
Artist_Eden_Ben_Zaken,Artist_Noa_Kirel,1
Artist_Shoshana_Damari,Artist_Idan_Raiechel,1
Artist_Eden_Ben_Zaken,Artist_Muki,1
Artist_Shoshana_Damari,Artist_Etinix,1
Artist_Shoshana_Damari,Artist_Agam_Buhbut,1
Artist_Shoshana_Damari,Artist_Arkadi_Duchin,1
Artist_Eden_Ben_Zaken,Artist_Jonatan_Murgi,1
Artist_Eden_Ben_Zaken,Artist_Jasmin_Moallem,1
Artist_Eden_Ben_Zaken,Artist_Eliad_Nachum,1
Artist_Eden_Ben_Zaken,Artist_Dudu_Aharon,1
Artist_Eden_Ben_Zaken,Artist_Anna_Zak,1
Artist_Eden_Ben_Zaken,Artist_Peer_Tasi,1
Artist_HaTarnegolim,Artist_Shlomi_Shaban,1
Artist_Shoshana_Damari,Artist_Geula_Gil,1
Artist_Shoshana_Damari,Artist_HaYehudim,1
Artist_Shoshana_Damari,Artist_Ninet,1
Artist_Shoshana_Damari,Artist_Ran_Eliran,1
Artist_Shoshana_Damari,Artist_Shiri_Maimon,1
Artist_HaTarnegolim,Artist_Rami_Klaeinstien,1
Artist_Shoshana_Damari,Artist_Shokolad_Menta_Mastik,1
Artist_Shoshana_Damari,Artist_Keren_Peles,1
Artist_Shoshana_Damari,Artist_Marina_Maximillian_Blumin,1
Artist_Shoshana_Damari,Artist_Tipex,1
Artist_Eyal_Golan,Artist_Rami_Klaeinstien,1
Artist_Dafna_Armoni,Artist_Meni_Beger,1
Artist_Harel_Moyal,Artist_High_five,1
Artist_Harel_Moyal,Artist_Pablo_Rosenberg,1
Artist_Harel_Moyal,Artist_Dor_Daniel,1
Artist_Nurit_Galron,Artist_Eti_Ankari,1
Artist_Nurit_Galron,Artist_Ninet,1
Artist_Nurit_Galron,Artist_Elai_Botner,1
Artist_Nurit_Galron,Artist_Ester_Ofarim,1
Artist_Noa_Kirel,Artist_Muki,1
Artist_Noa_Kirel,Artist_Jasmin_Moallem,1
Artist_Nurit_Galron,Artist_Dafna_Armoni,1
Artist_Noa_Kirel,Artist_Dudu_Aharon,1
Artist_Noa_Kirel,Artist_Anna_Zak,1
Artist_Nurit_Galron,Artist_hahinoam_nini,1
Artist_Nurit_Galron,Artist_Marina_Maximillian_Blumin,1
Artist_Nurit_Galron,Artist_Adam,1
Artist_Jonatan_Murgi,Artist_Rami_Klaeinstien,1
Artist_Lior_Narkis,Artist_Tislam,1
Artist_Harel_Moyal,Artist_Idan_Amadi,1
Artist_Nurit_Galron,Artist_Rona_Kenan,1
Artist_Jonatan_Murgi,Artist_Muki,1
Artist_Tzliley_HaKerem,Artist_Boaz_Sharabi,1
Artist_Tzliley_HaKerem,Artist_Harel_Moyal,1
Artist_Tzliley_HaKerem,Artist_High_five,1
Artist_Tzliley_HaKerem,Artist_Shlomi_Shabat,1
Artist_Jonatan_Murgi,Artist_Jasmin_Moallem,1
Artist_Tzliley_HaKerem,Artist_Eyal_Golan,1
Artist_Jonatan_Murgi,Artist_Eliad_Nachum,1
Artist_Tzliley_HaKerem,Artist_Gidi_Gov,1
Artist_Jonatan_Murgi,Artist_Dudu_Aharon,1
Artist_Jonatan_Murgi,Artist_Anna_Zak,1
Artist_Lior_Narkis,Artist_Eyal_Golan,1
Artist_HaYehudim,Artist_Shiri_Maimon,1
Artist_Lior_Narkis,Artist_Yoav_Yitzchaki,1
Artist_Kaveret,Artist_Tislam,1
Artist_Shlomo_Gronich,Artist_Dani_Robas,1
Artist_Tipex,Artist_Daniel_Salomon,1
Artist_Shlomo_Gronich,Artist_Nurit_Galron,1
Artist_Asaf_Amdurski,Artist_Dani_Robas,1
Artist_Shlomi_Shaban,Artist_Asaf_Amdurski,1
Artist_Yoav_Yitzchaki,Artist_Tipex,1
Artist_Yoni_Rechter,Artist_David_Broza,1
Artist_Yoav_Yitzchaki,Artist_Daniel_Salomon,1
Artist_Yoni_Rechter,Artist_Yardena_Arazi,1
Artist_Marina_Maximillian_Blumin,Artist_Tipex,1
Artist_Evyatar_Banai,Artist_Marina_Maximillian_Blumin,1
Artist_Cheil_Avir,Artist_Monica_Sex,1
Artist_Cheil_Avir,Artist_Shokolad_Menta_Mastik,1
Artist_Yoni_Rechter,Artist_Shlomi_Shaban,1
Artist_Tuna,Artist_Jasmin_Moallem,1
Artist_Yoni_Rechter,Artist_Dafna_Armoni,1
Artist_Yoni_Rechter,Artist_hahinoam_nini,1
Artist_Yoni_Rechter,Artist_Arkadi_Duchin,1
Artist_Yoni_Rechter,Artist_Aviv_Geffen,1
Artist_Yoni_Rechter,Artist_Evyatar_Banai,1
Artist_Yigal_Bashan,Artist_Avner_Gadasi,1
Artist_Pikud_Darom,Artist_Dani_Robas,1
Artist_Yigal_Bashan,Artist_Tzliley_HaKerem,1
Artist_Ran_Eliran,Artist_Shokolad_Menta_Mastik,1
Artist_David_Broza,Artist_Idan_Haviv,1
Artist_Yigal_Bashan,Artist_Boaz_Sharabi,1
Artist_Yigal_Bashan,Artist_Dana_International,1
Artist_Yigal_Bashan,Artist_Cheil_Avir,1
Artist_Shlomo_Gronich,Artist_Shoshana_Damari,1
Artist_Shlomo_Gronich,Artist_Harel_Sqat,1
Artist_Lior_Narkis,Artist_Kobi_Peretz,1
Artist_Sarit_Hadad,Artist_Ran_Eliran,1
Artist_Muki,Artist_Shabak_Samech,1
Artist_Sarit_Hadad,Artist_Daniel_Salomon,1
Artist_Muki,Artist_Jasmin_Moallem,1
Artist_Sarit_Hadad,Artist_Yoav_Yitzchaki,1
Artist_Sarit_Hadad,Artist_Diana_Golbi,1
Artist_Muki,Artist_Anna_Zak,1
Artist_Hadag_nahash,Artist_Muki,1
Artist_Sarit_Hadad,Artist_Ester_Ofarim,1
Artist_Beit_Ha_Bubot,Artist_David_Levi,1
Artist_High_five,Artist_Amir_Dadon,1
Artist_Rami_Klaeinstien,Artist_Muki,1
Artist_Sarit_Hadad,Artist_HaYehudim,1
Artist_Rami_Klaeinstien,Artist_Jasmin_Moallem,1
Artist_Rami_Klaeinstien,Artist_Anna_Zak,1
Artist_Shlomo_Gronich,Artist_Boaz_Sharabi,1
Artist_Benzin,Artist_High_five,1
Artist_Sarit_Hadad,Artist_Shiri_Maimon,1
Artist_Sarit_Hadad,Artist_hahinoam_nini,1
Artist_Sarit_Hadad,Artist_Tzliley_HaKerem,1
Artist_Sarit_Hadad,Artist_Pikud_tzafon,1
Artist_Sarit_Hadad,Artist_Yigal_Bashan,1
Artist_Sarit_Hadad,Artist_Machina,1
Artist_Tuna,Artist_Peer_Tasi,1
Artist_Sarit_Hadad,Artist_Eyal_Golan,1
Artist_Sarit_Hadad,Artist_Ricki_Gal,1
Artist_Sarit_Hadad,Artist_High_five,1
Artist_Sarit_Hadad,Artist_Tzvika_pick,1
Artist_Shlomo_Gronich,Artist_Yehudit_Ravitz,1
Artist_Yigal_Bashan,Artist_Ehud_banai,1
Artist_Ivri_Leader,Artist_Muki,1
Artist_Yigal_Bashan,Artist_Gidi_Gov,1
Artist_Dafna_Armoni,Artist_Harel_Sqat,1
Artist_Shiri_Maimon,Artist_Dana_International,1
Artist_Moshe_Peretz,Artist_Gidi_Gov,1
Artist_Shiri_Maimon,Artist_Ania_buckshtien,1
Artist_Moshe_Peretz,Artist_Jasmin_Moallem,1
Artist_Moshe_Peretz,Artist_Jonatan_Murgi,1
Artist_Ehud_banai,Artist_Hadag_nahash,1
Artist_Ehud_banai,Artist_Eti_Ankari,1
Artist_Moshe_Peretz,Artist_Muki,1
Artist_Moshe_Peretz,Artist_Noa_Kirel,1
Artist_Ehud_banai,Artist_Rona_Kenan,1
Artist_Ehud_banai,Artist_Evyatar_Banai,1
Artist_Ehud_banai,Artist_Ivri_Leader,1
Artist_Ehud_banai,Artist_Kobi_Aflalo,1
Artist_HaYehudim,Artist_Ran_Eliran,1
Artist_Yigal_Bashan,Artist_HaTarnegolim,1
Artist_HaYehudim,Artist_Geula_Gil,1
Artist_Yehuda_Poliker,Artist_Ivri_Leader,1
Artist_Yehuda_Poliker,Artist_High_five,1
Artist_Dudu_Aharon,Artist_Rami_Klaeinstien,1
Artist_Moshe_Peretz,Artist_Rami_Klaeinstien,1
Artist_Moshe_Peretz,Artist_Stefan,1
Artist_Moshe_Peretz,Artist_Mosh_Ben_Ari,1
Artist_Moshe_Peretz,Artist_Ninet,1
Artist_Shimon_Buskila,Artist_Elai_Botner,1
Artist_Dudu_Aharon,Artist_Muki,1
Artist_Shimon_Buskila,Artist_Harel_Sqat,1
Artist_Dudu_Aharon,Artist_Jasmin_Moallem,1
Artist_Dudu_Aharon,Artist_Eliad_Nachum,1
Artist_Shiri_Maimon,Artist_Geula_Gil,1
Artist_Moshe_Peretz,Artist_Eliad_Nachum,1
Artist_Moshe_Peretz,Artist_Eden_Ben_Zaken,1
Artist_Shiri_Maimon,Artist_Ran_Eliran,1
Artist_Yigal_Bashan,Artist_Rami_Klaeinstien,1
Artist_Yigal_Bashan,Artist_Agam_Buhbut,1
Artist_Yigal_Bashan,Artist_Arkadi_Duchin,1
Artist_Yigal_Bashan,Artist_Ester_Ofarim,1
Artist_Ivri_Leader,Artist_Asaf_Amdurski,1
Artist_Yigal_Bashan,Artist_Shlomo_Artzi,1
Artist_HaSmachot,Artist_Rona_Kenan,1
Artist_Yigal_Bashan,Artist_Idan_Amadi,1
Artist_Yigal_Bashan,Artist_Yehudit_Ravitz,1
Artist_Eliad_Nachum,Artist_Rami_Klaeinstien,1
Artist_Eliad_Nachum,Artist_Muki,1
Artist_Yigal_Bashan,Artist_Asaf_Amdurski,1
Artist_Yigal_Bashan,Artist_Chemi_Rudner,1
Artist_Yigal_Bashan,Artist_Meni_Beger,1
Artist_Moshe_Peretz,Artist_Machina,1
Artist_Eliad_Nachum,Artist_Jasmin_Moallem,1
Artist_Eliad_Nachum,Artist_Anna_Zak,1
Artist_Moshe_Peretz,Artist_Eyal_Golan,1
Artist_Pikud_tzafon,Artist_Ania_buckshtien,1
Artist_Pikud_tzafon,Artist_Rami_Klaeinstien,1
Artist_Moshe_Peretz,Artist_Kobi_Peretz,1
Artist_Chemi_Rudner,Artist_Asaf_Amdurski,1
Artist_Kobi_Peretz,Artist_Idan_Haviv,1
Artist_Kobi_Peretz,Artist_David_Broza,1
Artist_Moshe_Peretz,Artist_Shlomi_Shabat,1
Artist_Moshe_Peretz,Artist_Agam_Buhbut,1
Artist_Moshe_Peretz,Artist_Anna_Zak,1
Artist_Dafna_Armoni,Artist_Cheil_Avir,1
Artist_Stefan,Artist_Nasrin_Kadri,1
Artist_Dafna_Armoni,Artist_Yehudit_Ravitz,1
Artist_Boaz_Sharabi,Artist_Idan_Amadi,1
Artist_Gidi_Gov,Artist_Noa_Kirel,1
Artist_Gidi_Gov,Artist_Muki,1
Artist_Boaz_Sharabi,Artist_Shlomi_Shabat,1
Artist_Gidi_Gov,Artist_Jonatan_Murgi,1
Artist_Gidi_Gov,Artist_Jasmin_Moallem,1
Artist_Gidi_Gov,Artist_Eliad_Nachum,1
Artist_Boaz_Sharabi,Artist_HaYehudim,1
Artist_Boaz_Sharabi,Artist_Ninet,1
Artist_Boaz_Sharabi,Artist_Ran_Eliran,1
Artist_Boaz_Sharabi,Artist_Rita,1
Artist_Boaz_Sharabi,Artist_Shiri_Maimon,1
Artist_Boaz_Sharabi,Artist_hahinoam_nini,1
Artist_Boaz_Sharabi,Artist_Eti_Ankari,1
Artist_Nasrin_Kadri,Artist_Dikla,1
Artist_Rita,Artist_Dana_International,1
Artist_Nasrin_Kadri,Artist_Agam_Buhbut,1
Artist_Nasrin_Kadri,Artist_Anna_Zak,1
Artist_Nasrin_Kadri,Artist_Dudu_Aharon,1
Artist_Nasrin_Kadri,Artist_Eden_Ben_Zaken,1
Artist_Nasrin_Kadri,Artist_Eliad_Nachum,1
Artist_Nasrin_Kadri,Artist_Gidi_Gov,1
Artist_Nasrin_Kadri,Artist_Jasmin_Moallem,1
Artist_Nasrin_Kadri,Artist_Jonatan_Murgi,1
Artist_Nasrin_Kadri,Artist_Muki,1
Artist_Nasrin_Kadri,Artist_Noa_Kirel,1
Artist_Nasrin_Kadri,Artist_Omer_Adam,1
Artist_Gidi_Gov,Artist_Eden_Ben_Zaken,1
Artist_Gidi_Gov,Artist_Dudu_Aharon,1
Artist_Aviv_Geffen,Artist_Evyatar_Banai,1
Artist_Ninet,Artist_Elai_Botner,1
Artist_Ninet,Artist_Ivri_Leader,1
Artist_Ninet,Artist_Geula_Gil,1
Artist_Yehudit_Ravitz,Artist_Lehakat_HaNachal,1
Artist_Yehudit_Ravitz,Artist_Boaz_Sharabi,1
Artist_Yehudit_Ravitz,Artist_Arik_lavi,1
Artist_Yehudit_Ravitz,Artist_Marina_Maximillian_Blumin,1
Artist_Rita,Artist_Knesiyat_HaSechel,1
Artist_Yehudit_Ravitz,Artist_Chemi_Rudner,1
Artist_Yehudit_Ravitz,Artist_Shlomi_Shabat,1
Artist_Rita,Artist_Ivri_Leader,1
Artist_Harel_Sqat,Artist_Idan_Amadi,1
Artist_Yehudit_Ravitz,Artist_Aviv_Geffen,1
Artist_Yehudit_Ravitz,Artist_Hadag_nahash,1
Artist_Yehudit_Ravitz,Artist_hahinoam_nini,1
Artist_Yehudit_Ravitz,Artist_Etinix,1
Artist_Boaz_Sharabi,Artist_Gidi_Gov,1
Artist_Harel_Sqat,Artist_Harel_Moyal,1
Artist_Harel_Sqat,Artist_Benzin,1
Artist_Harel_Sqat,Artist_Gabi_Shoshan,1
Artist_Boaz_Sharabi,Artist_Dana_International,1
Artist_Harel_Sqat,Artist_Ania_buckshtien,1
Artist_Harel_Sqat,Artist_Elai_Botner,1
Artist_Harel_Sqat,Artist_Cheil_Avir,1
Artist_Harel_Sqat,Artist_Avi_Bitter,1
Artist_Harel_Sqat,Artist_Shlomo_Artzi,1
Artist_Ninet,Artist_Dana_International,1
Artist_Ninet,Artist_Shiri_Maimon,1
Artist_Ninet,Artist_Ran_Eliran,1
Artist_Boaz_Sharabi,Artist_High_five,1
Artist_Nasrin_Kadri,Artist_Rami_Klaeinstien,1
Artist_Gidi_Gov,Artist_Anna_Zak,1
Artist_Gidi_Gov,Artist_Agam_Buhbut,1
Artist_Gidi_Gov,Artist_Ricki_Gal,1
Artist_hahinoam_nini,Artist_Yehuda_Poliker,1
Artist_hahinoam_nini,Artist_Gidi_Gov,1
Artist_hahinoam_nini,Artist_Shiri_Maimon,1
Artist_hahinoam_nini,Artist_Ran_Eliran,1
Artist_hahinoam_nini,Artist_Ninet,1
Artist_hahinoam_nini,Artist_HaYehudim,1
Artist_hahinoam_nini,Artist_Geula_Gil,1
Artist_Meni_Beger,Artist_Gidi_Gov,1
Artist_Lehakat_HaNachal,Artist_Rami_Klaeinstien,1
Artist_Lehakat_HaNachal,Artist_Kobi_Peretz,1
Artist_Lehakat_HaNachal,Artist_Shiri_Maimon,1
Artist_Lehakat_HaNachal,Artist_hahinoam_nini,1
Artist_Meni_Beger,Artist_Harel_Sqat,1
Artist_Meni_Beger,Artist_David_Broza,1
Artist_Lehakat_HaNachal,Artist_Geula_Gil,1
Artist_Lehakat_HaNachal,Artist_Harel_Sqat,1
Artist_Arik_lavi,Artist_Gidi_Gov,1
Artist_Arik_lavi,Artist_Hatikve_Shesh,1
Artist_Lehakat_HaNachal,Artist_Kaveret,1
Artist_Lehakat_HaNachal,Artist_Shokolad_Menta_Mastik,1
Artist_Arik_lavi,Artist_Rona_Kenan,1
Artist_Arik_lavi,Artist_Ania_buckshtien,1
Artist_Arik_lavi,Artist_Ehud_banai,1
Artist_Arik_lavi,Artist_Yizar_Ashdot,1
Artist_Arik_lavi,Artist_Eti_Ankari,1
Artist_Arik_lavi,Artist_Chemi_Rudner,1
Artist_Arik_lavi,Artist_Gilad_Segev,1
Artist_HaChalonot_HaGvoim,Artist_Ninet,1
Artist_HaChalonot_HaGvoim,Artist_Meni_Beger,1
Artist_Etinix,Artist_Eyal_Golan,1
Artist_Gidi_Gov,Artist_Shlomi_Shabat,1
Artist_Gidi_Gov,Artist_Ivri_Leader,1
Artist_Tzvika_pick,Artist_Dana_International,1
Artist_Tzvika_pick,Artist_Sherry,1
Artist_Gidi_Gov,Artist_Aviv_Geffen,1
Artist_Tzvika_pick,Artist_Ricki_Gal,1
Artist_Gidi_Gov,Artist_Amir_Dadon,1
Artist_Gidi_Gov,Artist_Gabi_Shoshan,1
Artist_Tzvika_pick,Artist_Shlomi_Shabat,1
Artist_Nissim_Sarusi,Artist_Omer_Adam,1
Artist_Nissim_Sarusi,Artist_Harel_Moyal,1
Artist_Nissim_Sarusi,Artist_Diana_Golbi,1
Artist_Omer_Adam,Artist_Aviv_Geffen,1
Artist_Omer_Adam,Artist_Eyal_Golan,1
Artist_Omer_Adam,Artist_Dana_International,1
Artist_Omer_Adam,Artist_Sherry,1
Artist_Omer_Adam,Artist_Agam_Buhbut,1
Artist_Gidi_Gov,Artist_Tislam,1
Artist_Omer_Adam,Artist_Anna_Zak,1
Artist_Omer_Adam,Artist_Dudu_Aharon,1
Artist_Omer_Adam,Artist_Eliad_Nachum,1
Artist_Omer_Adam,Artist_Gidi_Gov,1
Artist_Omer_Adam,Artist_Jasmin_Moallem,1
Artist_Gidi_Gov,Artist_HaTarnegolim,1
Artist_Omer_Adam,Artist_Jonatan_Murgi,1
Artist_Omer_Adam,Artist_Muki,1
Artist_Omer_Adam,Artist_Noa_Kirel,1
Artist_Gidi_Gov,Artist_Ninet,1
Artist_Yehudit_Ravitz,Artist_Dudu_Aharon,1
Artist_Rita,Artist_Geula_Gil,1
Artist_Eyal_Golan,Artist_Dudu_Aharon,1
Artist_Idan_Raiechel,Artist_Nasrin_Kadri,1
Artist_Arkadi_Duchin,Artist_Ester_Ofarim,1
Artist_Diana_Golbi,Artist_Ivri_Leader,1
Artist_Diana_Golbi,Artist_Hatikve_Shesh,1
Artist_Diana_Golbi,Artist_David_Broza,1
Artist_Arkadi_Duchin,Artist_Shlomo_Artzi,1
Artist_Diana_Golbi,Artist_Tislam,1
Artist_Arkadi_Duchin,Artist_Mosh_Ben_Ari,1
Artist_Diana_Golbi,Artist_Kaveret,1
Artist_Diana_Golbi,Artist_Idan_Amadi,1
Artist_Adam,Artist_Yizar_Ashdot,1
Artist_Arkadi_Duchin,Artist_Shlomi_Shabat,1
Artist_Arkadi_Duchin,Artist_Boaz_Sharabi,1
Artist_Idan_Raiechel,Artist_Ishay_Ribo,1
Artist_Idan_Raiechel,Artist_Omer_Adam,1
Artist_Yehudit_Ravitz,Artist_HaTarnegolim,1
Artist_Adam,Artist_Marina_Maximillian_Blumin,1
Artist_Idan_Raiechel,Artist_Amir_Dadon,1
Artist_Adam,Artist_Evyatar_Banai,1
Artist_Adam,Artist_Diana_Golbi,1
Artist_Shlomi_Shabat,Artist_Marina_Maximillian_Blumin,1
Artist_Shlomi_Shabat,Artist_Rami_Klaeinstien,1
Artist_Shlomi_Shabat,Artist_Pikud_tzafon,1
Artist_Shlomi_Shabat,Artist_Chemi_Rudner,1
Artist_Shlomi_Shabat,Artist_Yoav_Yitzchaki,1
Artist_Ester_Ofarim,Artist_Eti_Ankari,1
Artist_Ester_Ofarim,Artist_Agam_Buhbut,1
Artist_Ester_Ofarim,Artist_Shlomo_Artzi,1
Artist_Ester_Ofarim,Artist_Geula_Gil,1
Artist_Avraham_tal,Artist_Shlomo_Artzi,1
Artist_Avraham_tal,Artist_Hadag_nahash,1
Artist_Arkadi_Duchin,Artist_Adam,1
Artist_Avraham_tal,Artist_Muki,1
Artist_Itay_Levi,Artist_Shlomi_Shabat,1
Artist_Itay_Levi,Artist_Adam,1
Artist_Itay_Levi,Artist_Agam_Buhbut,1
Artist_Itay_Levi,Artist_Arkadi_Duchin,1
Artist_Eyal_Golan,Artist_Eden_Ben_Zaken,1
Artist_Itay_Levi,Artist_Meni_Beger,1
Artist_Shlomo_Artzi,Artist_Dikla,1
Artist_Shlomo_Artzi,Artist_Harel_Moyal,1
Artist_Shlomo_Artzi,Artist_Shlomi_Shaban,1
Artist_Stefan,Artist_Ivri_Leader,1
Artist_Stefan,Artist_Agam_Buhbut,1
Artist_Stefan,Artist_Anna_Zak,1
Artist_Shlomo_Artzi,Artist_HaTarnegolim,1
Artist_Stefan,Artist_Dudu_Aharon,1
Artist_Stefan,Artist_Eliad_Nachum,1
Artist_Shlomo_Artzi,Artist_Sinergia,1
Artist_Stefan,Artist_Gidi_Gov,1
Artist_Stefan,Artist_Jasmin_Moallem,1
Artist_Stefan,Artist_Muki,1
Artist_Arik_lavi,Artist_HaTarnegolim,1
Artist_Shlomo_Artzi,Artist_Shokolad_Menta_Mastik,1
Artist_Shlomo_Artzi,Artist_Pablo_Rosenberg,1
Artist_Stefan,Artist_Omer_Adam,1
Artist_Stefan,Artist_Rami_Klaeinstien,1
Artist_Avraham_tal,Artist_Benaya_Barabi,1
Artist_Arkadi_Duchin,Artist_Yehuda_Poliker,1
Artist_Avraham_tal,Artist_Marina_Maximillian_Blumin,1
Artist_Shlomi_Shabat,Artist_High_five,1
Artist_Ester_Ofarim,Artist_HaYehudim,1
Artist_Shlomi_Shabat,Artist_Harel_Moyal,1
Artist_Yardena_Arazi,Artist_David_Broza,1
Artist_Agam_Buhbut,Artist_Adam,1
Artist_Yardena_Arazi,Artist_Ran_Eliran,1
Artist_Agam_Buhbut,Artist_Yoav_Yitzchaki,1
Artist_Yardena_Arazi,Artist_Arik_lavi,1
Artist_Yardena_Arazi,Artist_Keren_Peles,1
Artist_Yardena_Arazi,Artist_Marina_Maximillian_Blumin,1
Artist_Yardena_Arazi,Artist_Tipex,1
Artist_Agam_Buhbut,Artist_Shlomi_Shabat,1
Artist_Yardena_Arazi,Artist_Rami_Klaeinstien,1
Artist_Yardena_Arazi,Artist_Shlomi_Shabat,1
Artist_Yardena_Arazi,Artist_Eti_Ankari,1
Artist_Keren_Peles,Artist_Mosh_Ben_Ari,1
Artist_Keren_Peles,Artist_Amir_Dadon,1
Artist_Rita,Artist_Harel_Moyal,1
Artist_Rita,Artist_Marina_Maximillian_Blumin,1
Artist_Keren_Peles,Artist_Diana_Golbi,1
Artist_Keren_Peles,Artist_Marina_Maximillian_Blumin,1
Artist_Keren_Peles,Artist_Tipex,1
Artist_Keren_Peles,Artist_Harel_Sqat,1
Artist_Rita,Artist_Ran_Eliran,1
Artist_Mosh_Ben_Ari,Artist_Boaz_Sharabi,1
Artist_Mosh_Ben_Ari,Artist_Gidi_Gov,1
Artist_Mosh_Ben_Ari,Artist_Kaveret,1
Artist_Mosh_Ben_Ari,Artist_Ninet,1
Artist_Yehudit_Ravitz,Artist_David_Broza,1
Artist_Rita,Artist_HaYehudim,1
Artist_Yehudit_Ravitz,Artist_Asaf_Amdurski,1
Artist_Yardena_Arazi,Artist_Yehudit_Ravitz,1
Artist_Yardena_Arazi,Artist_Shiri_Maimon,1
Artist_Ester_Ofarim,Artist_Ninet,1
Artist_Rivka_zohar,Artist_Arik_lavi,1
Artist_Ester_Ofarim,Artist_Ran_Eliran,1
Artist_Shlomi_Shabat,Artist_Dudu_Aharon,1
Artist_Shlomi_Shabat,Artist_Ricki_Gal,1
Artist_Ester_Ofarim,Artist_Shiri_Maimon,1
Artist_Ester_Ofarim,Artist_Yehuda_Poliker,1
Artist_Shlomi_Shabat,Artist_Pablo_Rosenberg,1
Artist_Ester_Ofarim,Artist_Etinix,1
Artist_Agam_Buhbut,Artist_Rami_Klaeinstien,1
Artist_Ester_Ofarim,Artist_Shokolad_Menta_Mastik,1
Artist_Ester_Ofarim,Artist_Keren_Peles,1
Artist_Ester_Ofarim,Artist_Marina_Maximillian_Blumin,1
Artist_Ester_Ofarim,Artist_Tipex,1
Artist_Agam_Buhbut,Artist_Noa_Kirel,1
Artist_Agam_Buhbut,Artist_Muki,1
Artist_Agam_Buhbut,Artist_Jonatan_Murgi,1
Artist_Agam_Buhbut,Artist_Jasmin_Moallem,1
Artist_Agam_Buhbut,Artist_Eliad_Nachum,1
Artist_Agam_Buhbut,Artist_Eden_Ben_Zaken,1
Artist_Agam_Buhbut,Artist_Dudu_Aharon,1
Artist_Agam_Buhbut,Artist_Anna_Zak,1
Artist_Ester_Ofarim,Artist_Ricki_Gal,1
Artist_Agam_Buhbut,Artist_Shlomo_Artzi,1
Artist_Rivka_zohar,Artist_Yardena_Arazi,1
Artist_Agam_Buhbut,Artist_Knesiyat_HaSechel,1
Artist_Rivka_zohar,Artist_Yehudit_Ravitz,1
Artist_Rivka_zohar,Artist_Dana_International,1
Artist_Rivka_zohar,Artist_Omer_Adam,1
Artist_Boaz_Sharabi,Artist_Geula_Gil,1
Artist_Margalit_Tzanani,Artist_Hava_Alberstien,1
Artist_Sarit_Hadad,Artist_Nasrin_Kadri,1
Artist_Uzi_Hitman,Artist_Rita,1
Artist_Yaffa_yarkoni,Artist_Shlomo_Gronich,1
Artist_Yaffa_yarkoni,Artist_HaChalonot_HaGvoim,1
Artist_Uzi_Hitman,Artist_Ester_Ofarim,1
Artist_Uzi_Hitman,Artist_Ricki_Gal,1
Artist_Uzi_Hitman,Artist_Itay_Levi,1
Artist_Uzi_Hitman,Artist_Boaz_Sharabi,1
Artist_Uzi_Hitman,Artist_Harel_Moyal,1
Artist_Yaffa_yarkoni,Artist_Dafna_Armoni,1
Artist_Uzi_Hitman,Artist_Shlomi_Shabat,1
Artist_Uzi_Hitman,Artist_Moshe_Peretz,1
Artist_Uzi_Hitman,Artist_Margalit_Tzanani,1
Artist_Uzi_Hitman,Artist_Yehoram_Gaon,1
Artist_Uzi_Hitman,Artist_Tzvika_pick,1
Artist_Uzi_Hitman,Artist_Yehudit_Ravitz,1
Artist_Yaffa_yarkoni,Artist_Asaf_Amdurski,1
Artist_Yaffa_yarkoni,Artist_Tzvika_pick,1
Artist_Yaffa_yarkoni,Artist_Machina,1
Artist_Yaffa_yarkoni,Artist_Rita,1
Artist_Yaffa_yarkoni,Artist_Marina_Maximillian_Blumin,1
Artist_Yaffa_yarkoni,Artist_Keren_Peles,1
Artist_Yaffa_yarkoni,Artist_Ariel_Zilber,1
Artist_Yaffa_yarkoni,Artist_Shimi_Tavori,1
Artist_Yaffa_yarkoni,Artist_hahinoam_nini,1
Artist_Yaffa_yarkoni,Artist_Shiri_Maimon,1
Artist_Yaffa_yarkoni,Artist_Ninet,1
Artist_Yaffa_yarkoni,Artist_Yossi_Banai,1
Artist_Yaffa_yarkoni,Artist_HaYehudim,1
Artist_Yaffa_yarkoni,Artist_Cheil_HaYam,1
Artist_Yaffa_yarkoni,Artist_Shlomo_Artzi,1
Artist_Yaffa_yarkoni,Artist_Arkadi_Duchin,1
Artist_Yaffa_yarkoni,Artist_Agam_Buhbut,1
Artist_Yaffa_yarkoni,Artist_Nurit_Galron,1
Artist_Uzi_Hitman,Artist_Dafna_Armoni,1
Artist_Uzi_Hitman,Artist_Cheil_HaYam,1
Artist_Uzi_Hitman,Artist_Shoshana_Damari,1
Artist_Ofer_levi,Artist_Yoav_Yitzchaki,1
Artist_Ilanit,Artist_Shimi_Tavori,1
Artist_Ilanit,Artist_David_Broza,1
Artist_Ilanit,Artist_Mati_Kaspi,1
Artist_Ofer_levi,Artist_Zohar_Argov,1
Artist_Ofer_levi,Artist_Zehava_Ben,1
Artist_Ofer_levi,Artist_Avi_Bitter,1
Artist_Ofer_levi,Artist_Moshe_Peretz,1
Artist_Uzi_Hitman,Artist_Hava_Alberstien,1
Artist_Ofer_levi,Artist_Lior_Narkis,1
Artist_Ofer_levi,Artist_Dudu_Aharon,1
Artist_Ofer_levi,Artist_Pikud_Merkaz,1
Artist_Ofer_levi,Artist_Shlomo_Artzi,1
Artist_Ofer_levi,Artist_Ofra_Haza,1
Artist_Ofer_levi,Artist_Yehoram_Gaon,1
Artist_Ilanit,Artist_Yehudit_Ravitz,1
Artist_Ilanit,Artist_Yoni_Rechter,1
Artist_Ilanit,Artist_Harel_Sqat,1
Artist_Ilanit,Artist_Geula_Gil,1
Artist_Ilanit,Artist_Dafna_Armoni,1
Artist_Ilanit,Artist_Shlomo_Artzi,1
Artist_Ilanit,Artist_Arik_lavi,1
Artist_Ilanit,Artist_Pikud_tzafon,1
Artist_Ilanit,Artist_Boaz_Sharabi,1
Artist_Ilanit,Artist_Harel_Moyal,1
Artist_Ilanit,Artist_High_five,1
Artist_Ilanit,Artist_Shlomi_Shabat,1
Artist_Ilanit,Artist_Tzliley_HaKerem,1
Artist_Ilanit,Artist_Tzvika_pick,1
Artist_Ilanit,Artist_Yigal_Bashan,1
Artist_Ilanit,Artist_Si_Heiman,1
Artist_Ilanit,Artist_Machina,1
Artist_Yaffa_yarkoni,Artist_Ricki_Gal,1
Artist_Shimi_Tavori,Artist_Eyal_Golan,1
Artist_Ofer_levi,Artist_Arkadi_Duchin,1
Artist_Zohar_Argov,Artist_Arkadi_Duchin,1
Artist_Zohar_Argov,Artist_Eti_Ankari,1
Artist_Zohar_Argov,Artist_Etinix,1
Artist_Zohar_Argov,Artist_Yigal_Bashan,1
Artist_Zohar_Argov,Artist_Dana_International,1
Artist_Zohar_Argov,Artist_Sinergia,1
Artist_Zohar_Argov,Artist_Tzvika_pick,1
Artist_Zehava_Ben,Artist_Gali_Atari,1
Artist_Zohar_Argov,Artist_Geula_Gil,1
Artist_Zehava_Ben,Artist_Harel_Moyal,1
Artist_Zehava_Ben,Artist_Idan_Amadi,1
Artist_Zehava_Ben,Artist_Tipex,1
Artist_Zehava_Ben,Artist_Marina_Maximillian_Blumin,1
Artist_Zehava_Ben,Artist_Keren_Peles,1
Artist_Zehava_Ben,Artist_Nasrin_Kadri,1
Artist_Zohar_Argov,Artist_Cheil_HaYam,1
Artist_Zohar_Argov,Artist_HaYehudim,1
Artist_Shimi_Tavori,Artist_Maya_Buskila,1
Artist_Zohar_Argov,Artist_Marina_Maximillian_Blumin,1
Artist_Zohar_Argov,Artist_Idan_Amadi,1
Artist_Zohar_Argov,Artist_Omer_Adam,1
Artist_Zohar_Argov,Artist_Moshe_Peretz,1
Artist_Zohar_Argov,Artist_Shlomi_Shabat,1
Artist_Zohar_Argov,Artist_Yardena_Arazi,1
Artist_Zohar_Argov,Artist_Tipex,1
Artist_Zohar_Argov,Artist_Keren_Peles,1
Artist_Zohar_Argov,Artist_Pikud_Merkaz,1
Artist_Zohar_Argov,Artist_Margalit_Tzanani,1
Artist_Zohar_Argov,Artist_Meir_Ariel,1
Artist_Zohar_Argov,Artist_hahinoam_nini,1
Artist_Zohar_Argov,Artist_Shiri_Maimon,1
Artist_Zohar_Argov,Artist_Rita,1
Artist_Zohar_Argov,Artist_Ran_Eliran,1
Artist_Zehava_Ben,Artist_Shokolad_Menta_Mastik,1
Artist_Zehava_Ben,Artist_Lior_Narkis,1
Artist_Zehava_Ben,Artist_Aviv_Geffen,1
Artist_Shimi_Tavori,Artist_Yehuda_Poliker,1
Artist_Shimi_Tavori,Artist_Yoav_Yitzchaki,1
Artist_Shimi_Tavori,Artist_Omer_Adam,1
Artist_Shimi_Tavori,Artist_Hava_Alberstien,1
Artist_Shimi_Tavori,Artist_Ester_Ofarim,1
Artist_Shimi_Tavori,Artist_Yigal_Bashan,1
Artist_Shimi_Tavori,Artist_Meni_Beger,1
Artist_Shimi_Tavori,Artist_Harel_Moyal,1
Artist_Zehava_Ben,Artist_Shiri_Maimon,1
Artist_Shimi_Tavori,Artist_Yoni_Rechter,1
Artist_Shimi_Tavori,Artist_Yehudit_Ravitz,1
Artist_Shimi_Tavori,Artist_Yardena_Arazi,1
Artist_Shimi_Tavori,Artist_David_Broza,1
Artist_Shimi_Tavori,Artist_Shalom_Chanoch,1
Artist_Shimi_Tavori,Artist_Gidi_Gov,1
Artist_Shimi_Tavori,Artist_Lior_Narkis,1
Artist_Shimi_Tavori,Artist_Cheil_HaYam,1
Artist_Shimi_Tavori,Artist_High_five,1
Artist_Shimi_Tavori,Artist_Meir_Banai,1
Artist_Zehava_Ben,Artist_Dafna_Armoni,1
Artist_Zehava_Ben,Artist_Avraham_tal,1
Artist_Zehava_Ben,Artist_Sinergia,1
Artist_Zehava_Ben,Artist_HaChalonot_HaGvoim,1
Artist_Zehava_Ben,Artist_Eden_Ben_Zaken,1
Artist_Zehava_Ben,Artist_Etinix,1
Artist_Zehava_Ben,Artist_Yehudit_Ravitz,1
Artist_Zehava_Ben,Artist_Agam_Buhbut,1
Artist_Zehava_Ben,Artist_Knesiyat_HaSechel,1
Artist_Zehava_Ben,Artist_Meni_Beger,1
Artist_Zehava_Ben,Artist_HaYehudim,1
Artist_Zehava_Ben,Artist_Pikud_Merkaz,1
Artist_Zehava_Ben,Artist_Ran_Eliran,1
Artist_Ofer_levi,Artist_Shimi_Tavori,1
Artist_Chaim_Moshe,Artist_Ofra_Haza,1
Artist_Zohar_Argov,Artist_Rona_Kenan,1
Artist_Miri_Mesika,Artist_Zohar_Argov,1
Artist_Static_and_ben_el_tavori,Artist_Gidi_Gov,1
Artist_Static_and_ben_el_tavori,Artist_Gali_Atari,1
Artist_Static_and_ben_el_tavori,Artist_Eliad_Nachum,1
Artist_Static_and_ben_el_tavori,Artist_Eden_Ben_Zaken,1
Artist_Static_and_ben_el_tavori,Artist_Dudu_Aharon,1
Artist_Static_and_ben_el_tavori,Artist_Agam_Buhbut,1
Artist_Miri_Mesika,Artist_Rona_Kenan,1
Artist_Static_and_ben_el_tavori,Artist_Jonatan_Murgi,1
Artist_Miri_Mesika,Artist_Nurit_Galron,1
Artist_Miri_Mesika,Artist_Arik_lavi,1
Artist_Miri_Mesika,Artist_Shiri_Maimon,1
Artist_Miri_Mesika,Artist_Shimon_Buskila,1
Artist_Miri_Mesika,Artist_Asaf_Amdurski,1
Artist_Miri_Mesika,Artist_Ivri_Leader,1
Artist_Static_and_ben_el_tavori,Artist_Jasmin_Moallem,1
Artist_Static_and_ben_el_tavori,Artist_Moshe_Peretz,1
Artist_Amir_Benayoun,Artist_Rita,1
Artist_Amir_Benayoun,Artist_Gidi_Gov,1
Artist_Amir_Benayoun,Artist_Mati_Kaspi,1
Artist_Amir_Benayoun,Artist_Shlomo_Artzi,1
Artist_Amir_Benayoun,Artist_Keren_Peles,1
Artist_Amir_Benayoun,Artist_Yehoram_Gaon,1
Artist_Amir_Benayoun,Artist_Arkadi_Duchin,1
Artist_Amir_Benayoun,Artist_Yehudit_Ravitz,1
Artist_Amir_Benayoun,Artist_Margalit_Tzanani,1
Artist_Static_and_ben_el_tavori,Artist_Muki,1
Artist_Amir_Benayoun,Artist_Ishay_Levi,1
Artist_Static_and_ben_el_tavori,Artist_Stefan,1
Artist_Static_and_ben_el_tavori,Artist_Rami_Klaeinstien,1
Artist_Static_and_ben_el_tavori,Artist_Omer_Adam,1
Artist_Static_and_ben_el_tavori,Artist_Noa_Kirel,1
Artist_Static_and_ben_el_tavori,Artist_Nasrin_Kadri,1
Artist_Miri_Mesika,Artist_Yehuda_Poliker,1
Artist_Miri_Mesika,Artist_Yaffa_yarkoni,1
Artist_Miri_Mesika,Artist_Shoshana_Damari,1
Artist_Beri_Saharof,Artist_Oshik_levy,1
Artist_Beri_Saharof,Artist_Mosh_Ben_Ari,1
Artist_Beri_Saharof,Artist_Arkadi_Duchin,1
Artist_Beri_Saharof,Artist_High_five,1
Artist_Beri_Saharof,Artist_Nurit_Galron,1
Artist_Beri_Saharof,Artist_Meir_Ariel,1
Artist_Beri_Saharof,Artist_Rami_fortis,1
Artist_Beri_Saharof,Artist_HaTarnegolim,1
Artist_Miri_Mesika,Artist_Arik_Einstien,1
Artist_Beri_Saharof,Artist_Arik_Einstien,1
Artist_haTzel,Artist_Agam_Buhbut,1
Artist_haTzel,Artist_Roni_Duani,1
Artist_haTzel,Artist_Sarit_Hadad,1
Artist_Sabliminal,Artist_Amir_Benayoun,1
Artist_Sabliminal,Artist_Sarit_Hadad,1
Artist_Beri_Saharof,Artist_Hava_Alberstien,1
Artist_Beri_Saharof,Artist_Ehud_banai,1
Artist_Beri_Saharof,Artist_Ester_Ofarim,1
Artist_Beri_Saharof,Artist_Ofra_Haza,1
Artist_Beri_Saharof,Artist_Yehoram_Gaon,1
Artist_Beri_Saharof,Artist_Yehudit_Ravitz,1
Artist_Beri_Saharof,Artist_hahinoam_nini,1
Artist_Dudu_Tasa,Artist_Ahuva_uzeri,1
Artist_Dudu_Tasa,Artist_Ishay_Levi,1
Artist_Dudu_Tasa,Artist_Cheil_Avir,1
Artist_Dudu_Tasa,Artist_Yigal_Bashan,1
Artist_Dudu_Tasa,Artist_Tzliley_HaKerem,1
Artist_Dudu_Tasa,Artist_Ivri_Leader,1
Artist_Dudu_Tasa,Artist_Tuna,1
Artist_Miri_Mesika,Artist_Static_and_ben_el_tavori,1
Artist_Miri_Mesika,Artist_Geula_Gil,1
Artist_Miri_Mesika,Artist_Zehava_Ben,1
Artist_Amir_Benayoun,Artist_Shlomi_Shabat,1
Artist_Amir_Benayoun,Artist_Uzi_Hitman,1
Artist_Chaim_Moshe,Artist_Yossi_Banai,1
Artist_Avi_Toledano,Artist_Marina_Maximillian_Blumin,1
Artist_Avi_Toledano,Artist_Ricki_Gal,1
Artist_Avi_Toledano,Artist_Uzi_Hitman,1
Artist_Avi_Toledano,Artist_Rita,1
Artist_Avi_Toledano,Artist_Harel_Moyal,1
Artist_Avi_Toledano,Artist_Yaffa_yarkoni,1
Artist_Avi_Toledano,Artist_Tipex,1
Artist_Avi_Toledano,Artist_Keren_Peles,1
Artist_Avi_Toledano,Artist_Hava_Alberstien,1
Artist_Avi_Toledano,Artist_Pikud_tzafon,1
Artist_Avi_Toledano,Artist_Shimi_Tavori,1
Artist_Avi_Toledano,Artist_Ofer_levi,1
Artist_Ishay_Levi,Artist_Si_Heiman,1
Artist_Ishay_Levi,Artist_Lehakat_HaNachal,1
Artist_Ishay_Levi,Artist_High_five,1
Artist_Avi_Toledano,Artist_Harel_Sqat,1
Artist_Avi_Toledano,Artist_Yehuda_Poliker,1
Artist_Amir_Benayoun,Artist_Yigal_Bashan,1
Artist_Chaim_Moshe,Artist_Arik_lavi,1
Artist_Chaim_Moshe,Artist_Yehuda_Poliker,1
Artist_Chaim_Moshe,Artist_Harel_Moyal,1
Artist_Chaim_Moshe,Artist_Dor_Daniel,1
Artist_Chaim_Moshe,Artist_Avner_Gadasi,1
Artist_Chaim_Moshe,Artist_Sarit_Hadad,1
Artist_Chaim_Moshe,Artist_Yehudit_Ravitz,1
Artist_Chaim_Moshe,Artist_Arik_Einstien,1
Artist_Avi_Toledano,Artist_HaTarnegolim,1
Artist_Chaim_Moshe,Artist_Etinix,1
Artist_Chaim_Moshe,Artist_Harel_Sqat,1
Artist_Chaim_Moshe,Artist_Yigal_Bashan,1
Artist_Chaim_Moshe,Artist_Dudu_Aharon,1
Artist_Chaim_Moshe,Artist_Ofer_levi,1
Artist_Avi_Toledano,Artist_Doron_Mazar,1
Artist_Ishay_Levi,Artist_Meni_Beger,1
Artist_Ishay_Levi,Artist_Itay_Levi,1
Artist_Ishay_Levi,Artist_Ahuva_uzeri,1
Artist_Ishay_Levi,Artist_Chaim_Moshe,1
Artist_Ishay_Levi,Artist_Geula_Gil,1
Artist_Ishay_Levi,Artist_Ester_Ofarim,1
Artist_Ishay_Levi,Artist_Cheil_HaYam,1
Artist_Ishay_Levi,Artist_Arkadi_Duchin,1
Artist_Ishay_Levi,Artist_Tipex,1
Artist_Ishay_Levi,Artist_Daniel_Salomon,1
Artist_Ishay_Levi,Artist_Dana_International,1
Artist_Ishay_Levi,Artist_Mati_Kaspi,1
Artist_Ishay_Levi,Artist_Sinergia,1
Artist_Ishay_Levi,Artist_Tzvika_pick,1
Artist_Ishay_Levi,Artist_Yossi_Banai,1
Artist_Amir_Benayoun,Artist_Ehud_banai,1
Artist_Amir_Benayoun,Artist_Meir_Ariel,1
Artist_Amir_Benayoun,Artist_Ariel_Zilber,1
Artist_Ishay_Levi,Artist_HaYehudim,1
Artist_Ishay_Levi,Artist_Pikud_Merkaz,1
Artist_Ishay_Levi,Artist_Ran_Eliran,1
Artist_Ishay_Levi,Artist_Yaffa_yarkoni,1
Artist_Ishay_Levi,Artist_hahinoam_nini,1
Artist_Ishay_Levi,Artist_Margalit_Tzanani,1
Artist_Ishay_Levi,Artist_Dudu_Aharon,1
Artist_Ishay_Levi,Artist_Kobi_Peretz,1
Artist_Ishay_Levi,Artist_Lior_Narkis,1
Artist_Ishay_Levi,Artist_Moshe_Peretz,1
Artist_Ishay_Levi,Artist_Aviv_Geffen,1
Artist_Ishay_Levi,Artist_Uzi_Hitman,1
Artist_Ishay_Levi,Artist_Omer_Adam,1
Artist_Ishay_Levi,Artist_Avi_Bitter,1
Artist_Ishay_Levi,Artist_Pikud_tzafon,1
Artist_Ishay_Levi,Artist_Shlomi_Shabat,1
Artist_Ishay_Levi,Artist_Yardena_Arazi,1
Artist_Zohar_Argov,Artist_Harel_Moyal,1
Artist_Arik_Einstien,Artist_Meir_Ariel,1
Artist_Sarit_Hadad,Artist_Dikla,1
Artist_Gali_Atari,Artist_Ninet,1
Artist_Gali_Atari,Artist_Dudu_Aharon,1
Artist_Gali_Atari,Artist_Anna_Zak,1
Artist_Gali_Atari,Artist_Agam_Buhbut,1
Artist_Gali_Atari,Artist_Rivka_zohar,1
Artist_Gali_Atari,Artist_Arik_lavi,1
Artist_Gali_Atari,Artist_Yardena_Arazi,1
Artist_Gali_Atari,Artist_Si_Heiman,1
Artist_Gali_Atari,Artist_Eliad_Nachum,1
Artist_Gali_Atari,Artist_Elai_Botner,1
Artist_Gali_Atari,Artist_Lehakat_HaNachal,1
Artist_Gali_Atari,Artist_Ania_buckshtien,1
Artist_Gali_Atari,Artist_Yigal_Bashan,1
Artist_Margalit_Tzanani,Artist_Idan_Raiechel,1
Artist_Margalit_Tzanani,Artist_David_Broza,1
Artist_Gali_Atari,Artist_Eden_Ben_Zaken,1
Artist_Gali_Atari,Artist_Gidi_Gov,1
Artist_Hava_Alberstien,Artist_HaYehudim,1
Artist_Gali_Atari,Artist_Rami_Klaeinstien,1
Artist_Hava_Alberstien,Artist_Rami_Klaeinstien,1
Artist_Hava_Alberstien,Artist_Gidi_Gov,1
Artist_Hava_Alberstien,Artist_Pikud_tzafon,1
Artist_Hava_Alberstien,Artist_Shlomo_Artzi,1
Artist_Hava_Alberstien,Artist_Avner_Gadasi,1
Artist_Gali_Atari,Artist_Stefan,1
Artist_Gali_Atari,Artist_Omer_Adam,1
Artist_Gali_Atari,Artist_Jasmin_Moallem,1
Artist_Gali_Atari,Artist_Noa_Kirel,1
Artist_Gali_Atari,Artist_Nasrin_Kadri,1
Artist_Gali_Atari,Artist_Muki,1
Artist_Gali_Atari,Artist_Moshe_Peretz,1
Artist_Gali_Atari,Artist_Lior_Narkis,1
Artist_Gali_Atari,Artist_Jonatan_Murgi,1
Artist_Margalit_Tzanani,Artist_Eyal_Golan,1
Artist_Margalit_Tzanani,Artist_Shoshana_Damari,1
Artist_Oshik_levy,Artist_Machina,1
Artist_Meir_Ariel,Artist_hahinoam_nini,1
Artist_Meir_Ariel,Artist_Diana_Golbi,1
Artist_Meir_Ariel,Artist_Yehudit_Ravitz,1
Artist_Meir_Ariel,Artist_Aviv_Geffen,1
Artist_Meir_Ariel,Artist_Chemi_Rudner,1
Artist_Meir_Ariel,Artist_Ehud_banai,1
Artist_Meir_Ariel,Artist_David_Broza,1
Artist_Meir_Ariel,Artist_Ninet,1
Artist_Oshik_levy,Artist_Tuna,1
Artist_Meir_Ariel,Artist_Rona_Kenan,1
Artist_Meir_Ariel,Artist_Meir_Banai,1
Artist_Mati_Kaspi,Artist_Arik_lavi,1
Artist_Mati_Kaspi,Artist_Shlomi_Shabat,1
Artist_Mati_Kaspi,Artist_Shokolad_Menta_Mastik,1
Artist_Mati_Kaspi,Artist_Evyatar_Banai,1
Artist_Meir_Banai,Artist_Oshik_levy,1
Artist_Meir_Banai,Artist_Lior_Narkis,1
Artist_Meir_Banai,Artist_HaChalonot_HaGvoim,1
Artist_Meir_Banai,Artist_HaYehudim,1
Artist_Meir_Banai,Artist_Arkadi_Duchin,1
Artist_Meir_Banai,Artist_Idan_Amadi,1
Artist_Meir_Banai,Artist_Yossi_Banai,1
Artist_Meir_Banai,Artist_Nurit_Galron,1
Artist_Oshik_levy,Artist_Rita,1
Artist_Oshik_levy,Artist_HaTarnegolim,1
Artist_Oshik_levy,Artist_Harel_Sqat,1
Artist_Oshik_levy,Artist_Yoni_Rechter,1
Artist_Oshik_levy,Artist_Asaf_Amdurski,1
Artist_Oshik_levy,Artist_Dani_Robas,1
Artist_Oshik_levy,Artist_Arik_lavi,1
Artist_Oshik_levy,Artist_Aviv_Geffen,1
Artist_Oshik_levy,Artist_Shoshana_Damari,1
Artist_Hava_Alberstien,Artist_Geula_Gil,1
Artist_Hava_Alberstien,Artist_Shiri_Maimon,1
Artist_Mati_Kaspi,Artist_Dani_Robas,1
Artist_Cheil_HaYam,Artist_Rami_Klaeinstien,1
Artist_Pikud_Merkaz,Artist_Geula_Gil,1
Artist_Pikud_Merkaz,Artist_Ester_Ofarim,1
Artist_Pikud_Merkaz,Artist_Ania_buckshtien,1
Artist_Pikud_Merkaz,Artist_Yehudit_Ravitz,1
Artist_Pikud_Merkaz,Artist_Tipex,1
Artist_Pikud_Merkaz,Artist_Shlomo_Gronich,1
Artist_Cheil_HaYam,Artist_Eti_Ankari,1
Artist_Pikud_Merkaz,Artist_Ninet,1
Artist_Cheil_HaYam,Artist_Yigal_Bashan,1
Artist_Cheil_HaYam,Artist_Rivka_zohar,1
Artist_Cheil_HaYam,Artist_Shlomo_Artzi,1
Artist_Cheil_HaYam,Artist_hahinoam_nini,1
Artist_Cheil_HaYam,Artist_Shoshana_Damari,1
Artist_Cheil_HaYam,Artist_Shiri_Maimon,1
Artist_Pikud_Merkaz,Artist_HaYehudim,1
Artist_Pikud_Merkaz,Artist_Ran_Eliran,1
Artist_Hava_Alberstien,Artist_David_Levi,1
Artist_Sarit_Hadad,Artist_Arik_lavi,1
Artist_Sarit_Hadad,Artist_Ivri_Leader,1
Artist_Sarit_Hadad,Artist_HaChalonot_HaGvoim,1
Artist_Sarit_Hadad,Artist_Yoni_Rechter,1
Artist_Sarit_Hadad,Artist_David_Broza,1
Artist_Sarit_Hadad,Artist_Aviv_Geffen,1
Artist_Sarit_Hadad,Artist_Gidi_Gov,1
Artist_Sarit_Hadad,Artist_Shlomo_Gronich,1
Artist_Pikud_Merkaz,Artist_Rita,1
Artist_Pikud_Merkaz,Artist_Pikud_Darom,1
Artist_Pikud_Merkaz,Artist_Yardena_Arazi,1
Artist_Pikud_Merkaz,Artist_Eti_Ankari,1
Artist_Pikud_Merkaz,Artist_Gidi_Gov,1
Artist_Pikud_Merkaz,Artist_hahinoam_nini,1
Artist_Pikud_Merkaz,Artist_Shiri_Maimon,1
Artist_Cheil_HaYam,Artist_Ran_Eliran,1
Artist_Cheil_HaYam,Artist_Ninet,1
Artist_Cheil_HaYam,Artist_HaYehudim,1
Artist_Hava_Alberstien,Artist_David_Broza,1
Artist_Yossi_Banai,Artist_Shlomo_Artzi,1
Artist_Yossi_Banai,Artist_Harel_Sqat,1
Artist_Yossi_Banai,Artist_Nurit_Galron,1
Artist_Yossi_Banai,Artist_Moshe_Peretz,1
Artist_Yossi_Banai,Artist_Machina,1
Artist_Hava_Alberstien,Artist_Eti_Ankari,1
Artist_Hava_Alberstien,Artist_Harel_Sqat,1
Artist_Cheil_HaYam,Artist_Geula_Gil,1
Artist_Hava_Alberstien,Artist_Kaveret,1
Artist_Hava_Alberstien,Artist_Chemi_Rudner,1
Artist_Hava_Alberstien,Artist_Asaf_Amdurski,1
Artist_Hava_Alberstien,Artist_Dafna_Armoni,1
Artist_Hava_Alberstien,Artist_Shlomo_Gronich,1
Artist_Hava_Alberstien,Artist_Rivka_zohar,1
Artist_Yossi_Banai,Artist_Ehud_banai,1
Artist_Yossi_Banai,Artist_Yehudit_Ravitz,1
Artist_Yossi_Banai,Artist_Arkadi_Duchin,1
Artist_Yossi_Banai,Artist_Cheil_HaYam,1
Artist_Yossi_Banai,Artist_Eti_Ankari,1
Artist_Yossi_Banai,Artist_Yardena_Arazi,1
Artist_Yossi_Banai,Artist_Rita,1
Artist_Yossi_Banai,Artist_hahinoam_nini,1
Artist_Yossi_Banai,Artist_Pikud_tzafon,1
Artist_Cheil_HaYam,Artist_Shlomo_Gronich,1
Artist_Cheil_HaYam,Artist_Gidi_Gov,1
Artist_Cheil_HaYam,Artist_Ricki_Gal,1
Artist_Cheil_HaYam,Artist_Shlomi_Shabat,1
Artist_Cheil_HaYam,Artist_Chemi_Rudner,1
Artist_Cheil_HaYam,Artist_Yehudit_Ravitz,1
Artist_Cheil_HaYam,Artist_Etinix,1
Artist_Cheil_HaYam,Artist_Ester_Ofarim,1
Artist_Mati_Kaspi,Artist_Oshik_levy,1
Artist_Mati_Kaspi,Artist_Asaf_Amdurski,1
Artist_Arik_Einstien,Artist_Meir_Banai,1
Artist_Shalom_Chanoch,Artist_Harel_Sqat,1
Artist_Shalom_Chanoch,Artist_Shoshana_Damari,1
Artist_Shalom_Chanoch,Artist_Nurit_Galron,1
Artist_Shalom_Chanoch,Artist_hahinoam_nini,1
Artist_Shalom_Chanoch,Artist_Amir_Dadon,1
Artist_Shalom_Chanoch,Artist_Rami_Klaeinstien,1
Artist_Shalom_Chanoch,Artist_Ivri_Leader,1
Artist_Shalom_Chanoch,Artist_Benzin,1
Artist_Shalom_Chanoch,Artist_Si_Heiman,1
Artist_Shalom_Chanoch,Artist_Yehudit_Ravitz,1
Artist_Shalom_Chanoch,Artist_Shlomi_Shabat,1
Artist_Shalom_Chanoch,Artist_Hadag_nahash,1
Artist_Shalom_Chanoch,Artist_Hatikve_Shesh,1
Artist_Shalom_Chanoch,Artist_Diana_Golbi,1
Artist_Shalom_Chanoch,Artist_David_Broza,1
Artist_Shalom_Chanoch,Artist_Mati_Kaspi,1
Artist_Shalom_Chanoch,Artist_Muki,1
Artist_Ofra_Haza,Artist_Rita,1
Artist_Ofra_Haza,Artist_Ania_buckshtien,1
Artist_Ofra_Haza,Artist_HaYehudim,1
Artist_Ofra_Haza,Artist_Cheil_HaYam,1
Artist_Ofra_Haza,Artist_Arkadi_Duchin,1
Artist_Ofra_Haza,Artist_Eti_Ankari,1
Artist_Ofra_Haza,Artist_Avner_Gadasi,1
Artist_Ofra_Haza,Artist_Arik_Sinai,1
Artist_Ofra_Haza,Artist_Yoni_Rechter,1
Artist_Shalom_Chanoch,Artist_Shlomi_Shaban,1
Artist_Ofra_Haza,Artist_Asaf_Amdurski,1
Artist_Ofra_Haza,Artist_Nasrin_Kadri,1
Artist_Ofra_Haza,Artist_Dikla,1
Artist_Ofra_Haza,Artist_Shokolad_Menta_Mastik,1
Artist_Ofra_Haza,Artist_Yossi_Banai,1
Artist_Ofra_Haza,Artist_Margalit_Tzanani,1
Artist_Shalom_Chanoch,Artist_Evyatar_Banai,1
Artist_Shalom_Chanoch,Artist_Asaf_Amdurski,1
Artist_Shalom_Chanoch,Artist_Tuna,1
Artist_Arik_Einstien,Artist_Mosh_Ben_Ari,1
Artist_Arik_Einstien,Artist_Pikud_Merkaz,1
Artist_Arik_Einstien,Artist_HaYehudim,1
Artist_Arik_Einstien,Artist_Geula_Gil,1
Artist_Arik_Einstien,Artist_Agam_Buhbut,1
Artist_Arik_Einstien,Artist_Hatikve_Shesh,1
Artist_Arik_Einstien,Artist_Diana_Golbi,1
Artist_Arik_Einstien,Artist_Kaveret,1
Artist_Shalom_Chanoch,Artist_Daniel_Salomon,1
Artist_Arik_Einstien,Artist_Nurit_Galron,1
Artist_Arik_Einstien,Artist_Gali_Atari,1
Artist_Arik_Einstien,Artist_Rivka_zohar,1
Artist_Arik_Einstien,Artist_Dafna_Armoni,1
Artist_Arik_Einstien,Artist_Pikud_Darom,1
Artist_Arik_Einstien,Artist_Meni_Beger,1
Artist_Arik_Einstien,Artist_Ran_Eliran,1
Artist_Arik_Einstien,Artist_Rita,1
Artist_Arik_Einstien,Artist_Shiri_Maimon,1
Artist_Arik_Einstien,Artist_Tislam,1
Artist_Arik_Einstien,Artist_Shlomi_Shabat,1
Artist_Arik_Einstien,Artist_Harel_Sqat,1
Artist_Arik_Einstien,Artist_Marina_Maximillian_Blumin,1
Artist_Arik_Einstien,Artist_Tipex,1
Artist_Arik_Einstien,Artist_Ania_buckshtien,1
Artist_Arik_Einstien,Artist_Evyatar_Banai,1
Artist_Arik_Einstien,Artist_Itay_Levi,1
Artist_Arik_Einstien,Artist_Asaf_Amdurski,1
Artist_Shalom_Chanoch,Artist_Meir_Ariel,1
Artist_Shalom_Chanoch,Artist_Meir_Banai,1
Artist_Shalom_Chanoch,Artist_Oshik_levy,1
Artist_Shalom_Chanoch,Artist_Ariel_Zilber,1
Artist_Shalom_Chanoch,Artist_Mosh_Ben_Ari,1
Artist_Ofra_Haza,Artist_Ran_Eliran,1
Artist_Ofra_Haza,Artist_Moshe_Peretz,1
Artist_Mati_Kaspi,Artist_Marina_Maximillian_Blumin,1
Artist_Ariel_Zilber,Artist_Mati_Kaspi,1
Artist_Ariel_Zilber,Artist_Knesiyat_HaSechel,1
Artist_Ariel_Zilber,Artist_Rami_Klaeinstien,1
Artist_Ariel_Zilber,Artist_Mosh_Ben_Ari,1
Artist_Ariel_Zilber,Artist_Marina_Maximillian_Blumin,1
Artist_Ariel_Zilber,Artist_Evyatar_Banai,1
Artist_Ariel_Zilber,Artist_Adam,1
Artist_Ariel_Zilber,Artist_Arik_Sinai,1
Artist_Arik_Sinai,Artist_Mati_Kaspi,1
Artist_Yehoram_Gaon,Artist_David_Broza,1
Artist_Yehoram_Gaon,Artist_Hadag_nahash,1
Artist_Yehoram_Gaon,Artist_Yehudit_Ravitz,1
Artist_Yehoram_Gaon,Artist_HaTarnegolim,1
Artist_Yehoram_Gaon,Artist_Rivka_zohar,1
Artist_Yehoram_Gaon,Artist_Yossi_Banai,1
Artist_Ariel_Zilber,Artist_Ester_Ofarim,1
Artist_Arik_Sinai,Artist_Rivka_zohar,1
Artist_Ofra_Haza,Artist_Yoav_Yitzchaki,1
Artist_Arik_Sinai,Artist_Boaz_Sharabi,1
Artist_Mati_Kaspi,Artist_Gidi_Gov,1
Artist_Mati_Kaspi,Artist_Shlomo_Artzi,1
Artist_Mati_Kaspi,Artist_Mosh_Ben_Ari,1
Artist_Mati_Kaspi,Artist_Pikud_Darom,1
Artist_Arik_Sinai,Artist_Benzin,1
Artist_Arik_Sinai,Artist_Shokolad_Menta_Mastik,1
Artist_Arik_Sinai,Artist_Geula_Gil,1
Artist_Arik_Sinai,Artist_Ran_Eliran,1
Artist_Arik_Sinai,Artist_Meir_Banai,1
Artist_Arik_Sinai,Artist_hahinoam_nini,1
Artist_Arik_Sinai,Artist_Yehuda_Poliker,1
Artist_Arik_Sinai,Artist_Ester_Ofarim,1
Artist_Arik_Sinai,Artist_Ania_buckshtien,1
Artist_Arik_Sinai,Artist_Lehakat_HaNachal,1
Artist_Yehoram_Gaon,Artist_Eti_Ankari,1
Artist_Yehoram_Gaon,Artist_Ricki_Gal,1
Artist_Yehoram_Gaon,Artist_Rami_Klaeinstien,1
Artist_Ofra_Haza,Artist_Si_Heiman,1
Artist_Yehoram_Gaon,Artist_Avi_Bitter,1
Artist_Yehoram_Gaon,Artist_Sinergia,1
Artist_Yehoram_Gaon,Artist_Eyal_Golan,1
Artist_Yehoram_Gaon,Artist_Tzvika_pick,1
Artist_Yehoram_Gaon,Artist_Arkadi_Duchin,1
Artist_Ofra_Haza,Artist_Machina,1
Artist_Ofra_Haza,Artist_Lehakat_HaNachal,1
Artist_Yehoram_Gaon,Artist_Oshik_levy,1
Artist_Ofra_Haza,Artist_Tzvika_pick,1
Artist_Ofra_Haza,Artist_David_Broza,1
Artist_Ofra_Haza,Artist_Yardena_Arazi,1
Artist_Ofra_Haza,Artist_Tipex,1
Artist_Ofra_Haza,Artist_Marina_Maximillian_Blumin,1
Artist_Ofra_Haza,Artist_Keren_Peles,1
Artist_Yehoram_Gaon,Artist_Margalit_Tzanani,1
Artist_Yehoram_Gaon,Artist_Si_Heiman,1
Artist_Yehoram_Gaon,Artist_Yoav_Yitzchaki,1
Artist_Yehoram_Gaon,Artist_Ania_buckshtien,1
Artist_Yehoram_Gaon,Artist_Dafna_Armoni,1
Artist_Yehoram_Gaon,Artist_Meir_Ariel,1
Artist_Yehoram_Gaon,Artist_HaYehudim,1
Artist_Yehoram_Gaon,Artist_Ninet,1
Artist_Yehoram_Gaon,Artist_Rita,1
Artist_Yehoram_Gaon,Artist_Shiri_Maimon,1
Artist_Yehoram_Gaon,Artist_Harel_Moyal,1
Artist_Yehoram_Gaon,Artist_Etinix,1
Artist_Yehoram_Gaon,Artist_Gabi_Shoshan,1
Artist_Yehoram_Gaon,Artist_Gidi_Gov,1
Artist_Yehoram_Gaon,Artist_Keren_Peles,1
Artist_Yehoram_Gaon,Artist_Marina_Maximillian_Blumin,1
Artist_Yehoram_Gaon,Artist_Tipex,1
Artist_Jasmin_Moallem,Artist_Anna_Zak,1
